Potion,Dialogue
Health Potion,"I need a potion to mend my wounds."
Mana Potion,"Give me something to restore my magical energy."
Stamina Potion,"I could use a potion to boost my endurance."
Strength Potion,"I seek a potion to bolster my physical might."
Speed Potion,"Is there a potion to make me faster?"
Invisibility Potion,"I need to disappear. Got a potion for that?"
Resistance Potion,"Looking for a potion to resist fire damage."
Fortitude Potion,"I require a potion to toughen my defenses."
Elixir of Wisdom,"Got a potion to enhance my mind?"
Potion of Healing Over Time,"I need a potion that heals gradually."
Potion of Luck,"I'm in need of some luck. Do you have a potion for that?"
Potion of Haste,"I need to move faster. Any potions available?"
Potion of Endurance,"I'm looking for a potion to increase my endurance."
Potion of Berserk,"Do you have a potion that enhances my combat abilities?"
Potion of Regeneration,"Is there a potion that helps me regenerate health?"
Potion of Fire Resistance,"I need a potion to protect against fire damage."
Potion of Frost Resistance,"Do you have a potion to resist cold attacks?"
Potion of Lightning Resistance,"Is there a potion to protect against lightning?"
Potion of Poison Resistance,"I need a potion to resist poison."
Potion of Levitation,"I seek a potion to help me float or levitate."
Potion of Strength,"Do you have a potion that increases physical strength?"
Potion of Dexterity,"I need a potion to improve my agility."
Potion of Intelligence,"Is there a potion that boosts intelligence?"
Potion of Wisdom,"I seek a potion to enhance my wisdom."
Potion of Charisma,"Do you have a potion that enhances charisma?"
Potion of Vision ,"I need a potion to see better in darkness."
Potion of Water Breathing,"Is there a potion that lets me breathe underwater?"
Potion of Transformation,"Do you have a potion that transforms me into something else?"
Potion of Giant Strength,"I need a potion to become incredibly strong."
Potion of Mind Reading,"Is there a potion that allows me to read minds?"
Potion of Truth,"Do you have a potion that reveals the truth?"
Health Potion,"I could really use a healing potion right now."
Mana Potion,"I'm drained of magic. Got a potion to recharge?"
Stamina Potion,"Looking for a potion to keep me going longer."
Strength Potion,"I need a strength boost. Any potions available?"
Speed Potion,"Do you have a potion to make me swifter?"
Invisibility Potion,"I need to vanish from sight. Got a potion for that?"
Resistance Potion,"I need a potion to resist elemental attacks."
Fortitude Potion,"Looking for a potion to toughen me up."
Elixir of Wisdom,"I need a potion to sharpen my mind."
Potion of Healing Over Time,"I need a potion that heals over a period."
Potion of Luck,"I could use some luck. Got a potion for that?"
Potion of Haste,"I need to move faster. Any potions available?"
Potion of Endurance,"I need a potion to increase my stamina."
Potion of Berserk,"Do you have a potion to enhance my combat abilities?"
Potion of Regeneration,"I need a potion to regenerate health."
Potion of Fire Resistance,"I need a potion to resist fire damage."
Potion of Frost Resistance,"Is there a potion to resist cold attacks?"
Potion of Lightning Resistance,"I need a potion to resist lightning."
Potion of Poison Resistance,"Do you have a potion to resist poison?"
Potion of Levitation,"I need a potion to help me float or levitate."
Potion of Strength,"I need a potion to increase my physical strength."
Potion of Dexterity,"Do you have a potion to improve my dexterity?"
Potion of Intelligence,"I need a potion to boost my intelligence."
Potion of Wisdom,"I need a potion to enhance my wisdom."
Potion of Charisma,"Do you have a potion to enhance my charisma?"
Potion of Vision ,"Is there a potion to improve my vision in darkness?"
Potion of Water Breathing,"I need a potion to breathe underwater."
Potion of Transformation,"Do you have a potion that changes my form?"
Potion of Giant Strength,"I need a potion to become incredibly strong."
Potion of Mind Reading,"Is there a potion that allows me to read minds?"
Potion of Truth,"Do you have a potion that reveals the truth?"
Health Potion,"I'm wounded and in need of a healing potion."
Mana Potion,"I've exhausted my magical reserves. Can you offer a potion to restore them?"
Stamina Potion,"I require a potion to bolster my endurance."
Strength Potion,"Do you have a potion that can increase my physical strength?"
Speed Potion,"I need to move faster. Is there a potion for that?"
Invisibility Potion,"I'm looking for a potion to make me unseen. Do you have one?"
Resistance Potion,"I need a potion to resist attacks. Can you help?"
Fortitude Potion,"I need a potion to toughen my defenses."
Elixir of Wisdom,"I seek a potion to enhance my intelligence or wisdom."
Potion of Healing Over Time,"I need a potion that heals me gradually over time."
Potion of Luck,"Do you have a potion that brings good fortune?"
Potion of Haste,"I need to act swiftly. Is there a potion that can help?"
Potion of Endurance,"I require a potion to increase my stamina."
Potion of Berserk,"I need a potion to enhance my combat abilities."
Potion of Regeneration,"I'm looking for a potion that helps me regenerate health."
Potion of Fire Resistance,"Do you have a potion that protects against fire?"
Potion of Frost Resistance,"I need a potion to resist cold damage."
Potion of Lightning Resistance,"Is there a potion to protect against lightning attacks?"
Potion of Poison Resistance,"I require a potion to resist poisons."
Potion of Levitation,"Do you have a potion that allows me to levitate?"
Potion of Strength,"I seek a potion to increase my physical strength."
Potion of Dexterity,"I need a potion to improve my dexterity."
Potion of Intelligence,"Is there a potion to boost my intelligence?"
Potion of Wisdom,"I require a potion to enhance my wisdom."
Potion of Charisma,"Do you have a potion to enhance my charisma?"
Potion of Vision ,"Is there a potion to improve my vision in darkness?"
Potion of Water Breathing,"I need a potion to breathe underwater."
Potion of Transformation,"Do you have a potion that transforms my appearance?"
Potion of Giant Strength,"I'm looking for a potion to grant immense strength."
Potion of Mind Reading,"Is there a potion that allows me to read minds?"
Potion of Truth,"Do you have a potion that reveals hidden truths?"
Health Potion,"I'm injured. Do you have a potion to heal wounds?"
Mana Potion,"My magic is depleted. Can you offer a potion to restore it?"
Stamina Potion,"I need a potion to boost my endurance."
Strength Potion,"Is there a potion to increase my physical strength?"
Speed Potion,"I need to move faster. Do you have a potion for that?"
Invisibility Potion,"I'm looking for a potion to become invisible. Do you sell one?"
Resistance Potion,"Do you have a potion to resist elemental attacks?"
Fortitude Potion,"I need a potion to fortify my defenses."
Elixir of Wisdom,"I seek a potion to enhance my intellect or wisdom."
Potion of Healing Over Time,"I require a potion that heals gradually over time."
Potion of Luck,"Is there a potion that brings good fortune?"
Potion of Haste,"I need a potion to increase my speed. Can you help?"
Potion of Endurance,"Do you have a potion to boost my stamina?"
Potion of Berserk,"I'm looking for a potion to enhance my combat abilities."
Potion of Regeneration,"I need a potion to regenerate health."
Potion of Fire Resistance,"Is there a potion to protect against fire damage?"
Potion of Frost Resistance,"Do you have a potion to resist cold?"
Potion of Lightning Resistance,"I need a potion to resist lightning attacks."
Potion of Poison Resistance,"Do you have a potion to resist poison?"
Potion of Levitation,"I'm looking for a potion to help me float or levitate."
Potion of Strength,"Is there a potion to increase my physical strength?"
Potion of Dexterity,"I need a potion to improve my dexterity."
Potion of Intelligence,"Do you have a potion to boost my intelligence?"
Potion of Wisdom,"I seek a potion to enhance my wisdom."
Potion of Charisma,"Is there a potion to enhance my charisma?"
Potion of Vision ,"I need a potion to see better in darkness."
Potion of Water Breathing,"Do you have a potion that lets me breathe underwater?"
Potion of Transformation,"I'm looking for a potion that changes my form."
Potion of Giant Strength,"Is there a potion to grant incredible strength?"
Potion of Mind Reading,"Do you have a potion that allows me to read minds?"
Potion of Truth,"I need a potion that reveals hidden truths."
Health Potion,"I've taken a beating. Got a potion to mend my wounds?"
Mana Potion,"My magic reserves are low. Can you provide a potion to restore them?"
Stamina Potion,"I need a potion to bolster my endurance."
Strength Potion,"Do you have a potion that can make me stronger?"
Speed Potion,"I need to move faster. Is there a potion for that?"
Invisibility Potion,"I'm looking to vanish from sight. Do you have an invisibility potion?"
Resistance Potion,"I need a potion to resist damage. Can you help with that?"
Fortitude Potion,"Is there a potion to fortify my defenses?"
Elixir of Wisdom,"I seek a potion to enhance my intellect or wisdom."
Potion of Healing Over Time,"I need a potion that heals gradually over time."
Potion of Luck,"I could use a bit of luck. Got a potion for that?"
Potion of Haste,"I'm looking for a potion to increase my speed."
Potion of Endurance,"Do you have a potion to increase my stamina?"
Potion of Berserk,"I need a potion to enhance my combat abilities."
Potion of Regeneration,"Is there a potion to regenerate health?"
Potion of Fire Resistance,"I need a potion to resist fire damage."
Potion of Frost Resistance,"Do you have a potion to resist cold?"
Potion of Lightning Resistance,"Is there a potion to resist lightning attacks?"
Potion of Poison Resistance,"Do you have a potion to resist poison?"
Potion of Levitation,"I need a potion to help me float or levitate."
Potion of Strength,"Is there a potion to increase my physical strength?"
Potion of Dexterity,"I need a potion to improve my dexterity."
Potion of Intelligence,"Do you have a potion to boost my intelligence?"
Potion of Wisdom,"I seek a potion to enhance my wisdom."
Potion of Charisma,"Is there a potion to enhance my charisma?"
Potion of Vision ,"I need a potion to improve my vision in darkness."
Potion of Water Breathing,"Do you have a potion that allows me to breathe underwater?"
Potion of Transformation,"Is there a potion that changes my appearance?"
Potion of Giant Strength,"I'm looking for a potion to grant immense strength."
Potion of Mind Reading,"Do you have a potion that allows me to read minds?"
Potion of Truth,"I need a potion that reveals hidden truths."
Potion,Dialogue
Health Potion,"My wounds need tending. Got a healing potion?"
Mana Potion,"My magic is drained. Can you offer a potion to restore it?"
Stamina Potion,"I need a potion to boost my endurance."
Strength Potion,"Do you have a potion to increase my physical strength?"
Speed Potion,"I need to move faster. Is there a potion for that?"
Invisibility Potion,"I'm looking to disappear. Do you have an invisibility potion?"
Resistance Potion,"I need a potion to resist attacks. Can you help with that?"
Fortitude Potion,"Is there a potion to fortify my defenses?"
Elixir of Wisdom,"I seek a potion to enhance my intellect or wisdom."
Potion of Healing Over Time,"I need a potion that heals gradually over time."
Potion of Luck,"I could use some luck. Got a potion for that?"
Potion of Haste,"I'm looking for a potion to increase my speed."
Potion of Endurance,"Do you have a potion to increase my stamina?"
Potion of Berserk,"I need a potion to enhance my combat abilities."
Potion of Regeneration,"Is there a potion to regenerate health?"
Potion of Fire Resistance,"I need a potion to resist fire damage."
Potion of Frost Resistance,"Do you have a potion to resist cold?"
Potion of Lightning Resistance,"Is there a potion to resist lightning attacks?"
Potion of Poison Resistance,"Do you have a potion to resist poison?"
Potion of Levitation,"I need a potion to help me float or levitate."
Potion of Strength,"Is there a potion to increase my physical strength?"
Potion of Dexterity,"I need a potion to improve my dexterity."
Potion of Intelligence,"Do you have a potion to boost my intelligence?"
Potion of Wisdom,"I seek a potion to enhance my wisdom."
Potion of Charisma,"Is there a potion to enhance my charisma?"
Potion of Vision ,"I need a potion to see better in darkness."
Potion of Water Breathing,"Do you have a potion that allows me to breathe underwater?"
Potion of Transformation,"Is there a potion that changes my form?"
Potion of Giant Strength,"I need a potion to become incredibly strong."
Potion of Mind Reading,"Do you have a potion that allows me to read minds?"
Potion of Truth,"I need a potion that reveals hidden truths."
Health Potion,"I'm in dire need of a potion to heal my injuries."
Mana Potion,"My magic reserves are running low. Can you provide a potion to replenish them?"
Stamina Potion,"I require a potion to enhance my stamina."
Strength Potion,"Do you have a potion that can augment my physical strength?"
Speed Potion,"I need to increase my speed. Is there a potion that can help?"
Invisibility Potion,"I seek a potion to make me unseen. Do you carry such a potion?"
Resistance Potion,"Is there a potion available to bolster my defenses against elemental attacks?"
Fortitude Potion,"I require a potion to fortify my resilience."
Elixir of Wisdom,"I seek a potion to sharpen my intellect or wisdom."
Potion of Healing Over Time,"I need a potion that gradually restores my health."
Potion of Luck,"Do you have a potion that can bring me good fortune?"
Potion of Haste,"I need to move swiftly. Is there a potion that can enhance my speed?"
Potion of Endurance,"I require a potion to increase my endurance."
Potion of Berserk,"Is there a potion that can enhance my combat prowess?"
Potion of Regeneration,"I need a potion to accelerate my healing process."
Potion of Fire Resistance,"I require a potion to protect against fire."
Potion of Frost Resistance,"Is there a potion that can shield me from frost attacks?"
Potion of Lightning Resistance,"Do you have a potion that can protect me from lightning strikes?"
Potion of Poison Resistance,"I seek a potion that can neutralize poisons."
Potion of Levitation,"Is there a potion that allows me to levitate?"
Potion of Strength,"I require a potion to boost my physical strength."
Potion of Dexterity,"Do you have a potion that can enhance my dexterity?"
Potion of Intelligence,"I seek a potion that can amplify my intelligence."
Potion of Wisdom,"Do you have a potion that can augment my wisdom?"
Potion of Charisma,"Is there a potion that can enhance my charisma?"
Potion of Vision ,"I require a potion that improves my vision in darkness."
Potion of Water Breathing,"Do you have a potion that allows me to breathe underwater?"
Potion of Transformation,"I seek a potion that can alter my form."
Potion of Giant Strength,"Is there a potion that can grant me tremendous strength?"
Potion of Mind Reading,"Do you have a potion that allows me to read thoughts?"
Potion of Truth,"I need a potion that reveals hidden truths."
Health Potion,"My wounds ache. Can you offer a potion to heal them?"
Mana Potion,"My magical energies are depleted. Do you have a potion to restore them?"
Stamina Potion,"I need a potion to bolster my endurance."
Strength Potion,"Is there a potion to increase my physical prowess?"
Speed Potion,"I'm in need of speed. Is there a potion to enhance it?"
Invisibility Potion,"I seek a potion to vanish from sight. Do you have one?"
Resistance Potion,"Do you have a potion to resist damage?"
Fortitude Potion,"I require a potion to fortify my defenses."
Elixir of Wisdom,"I seek a potion to boost my intellect or wisdom."
Potion of Healing Over Time,"I need a potion that heals gradually over time."
Potion of Luck,"I could use some luck. Got a potion for that?"
Potion of Haste,"Do you have a potion to increase my speed?"
Potion of Endurance,"I'm looking for a potion to increase my stamina."
Potion of Berserk,"Is there a potion that enhances combat abilities?"
Potion of Regeneration,"Do you have a potion that regenerates health?"
Potion of Fire Resistance,"I need a potion to resist fire damage."
Potion of Frost Resistance,"Is there a potion to resist cold attacks?"
Potion of Lightning Resistance,"Do you have a potion to resist lightning?"
Potion of Poison Resistance,"I need a potion to resist poison."
Potion of Levitation,"Is there a potion to help me levitate?"
Potion of Strength,"Do you have a potion that boosts physical strength?"
Potion of Dexterity,"I need a potion to improve dexterity."
Potion of Intelligence,"Is there a potion to increase intelligence?"
Potion of Wisdom,"Do you have a potion to enhance wisdom?"
Potion of Charisma,"I need a potion to enhance charisma."
Potion of Vision ,"Is there a potion to improve vision in darkness?"
Potion of Water Breathing,"Do you have a potion to breathe underwater?"
Potion of Transformation,"I need a potion that transforms my appearance."
Potion of Giant Strength,"Do you have a potion that grants immense strength?"
Potion of Mind Reading,"Is there a potion to read minds?"
Potion of Truth,"I need a potion that reveals hidden truths."
Health Potion,"I need a potion to mend my wounds quickly."
Mana Potion,"My magical reserves are depleted. Can you provide a potion to restore them?"
Stamina Potion,"I require a potion to enhance my endurance."
Strength Potion,"Is there a potion that can increase my physical strength?"
Speed Potion,"I need to move faster. Do you have a potion for that?"
Invisibility Potion,"I seek a potion to become invisible. Do you have one?"
Resistance Potion,"Do you have a potion to resist elemental attacks?"
Fortitude Potion,"I need a potion to fortify my defenses."
Elixir of Wisdom,"Is there a potion to enhance my intellect or wisdom?"
Potion of Healing Over Time,"I need a potion that heals gradually over time."
Potion of Luck,"Do you have a potion to bring good fortune?"
Potion of Haste,"I'm looking for a potion to increase my speed."
Potion of Endurance,"Do you have a potion to boost my stamina?"
Potion of Berserk,"Is there a potion that enhances my combat abilities?"
Potion of Regeneration,"I need a potion to regenerate my health."
Potion of Fire Resistance,"Do you have a potion to protect against fire?"
Potion of Frost Resistance,"Is there a potion to resist cold?"
Potion of Lightning Resistance,"I need a potion to resist lightning attacks."
Potion of Poison Resistance,"Do you have a potion to resist poison?"
Potion of Levitation,"Is there a potion that allows me to levitate?"
Potion of Strength,"I need a potion to increase my physical strength."
Potion of Dexterity,"Do you have a potion to improve my dexterity?"
Potion of Intelligence,"Is there a potion to boost my intelligence?"
Potion of Wisdom,"I seek a potion to enhance my wisdom."
Potion of Charisma,"Do you have a potion to enhance my charisma?"
Potion of Vision ,"Is there a potion to improve my vision in darkness?"
Potion of Water Breathing,"Do you have a potion that allows me to breathe underwater?"
Potion of Transformation,"Is there a potion that can change my appearance?"
Potion of Giant Strength,"I need a potion to gain immense strength."
Potion of Mind Reading,"Do you have a potion that allows me to read minds?"
Potion of Truth,"I need a potion that reveals hidden truths."
Health Potion,"My wounds are deep. Can you provide a potion to heal them?"
Mana Potion,"My magic is depleted. Do you have a potion to restore it?"
Stamina Potion,"I need a potion to boost my endurance."
Strength Potion,"Is there a potion that can enhance my physical strength?"
Speed Potion,"I need to move faster. Do you have a potion for that?"
Invisibility Potion,"I seek a potion to become invisible. Have you got one?"
Resistance Potion,"Do you have a potion to resist elemental attacks?"
Fortitude Potion,"I require a potion to fortify my defenses."
Elixir of Wisdom,"I seek a potion to enhance my intellect or wisdom."
Potion of Healing Over Time,"I need a potion that heals over time."
Potion of Luck,"Do you have a potion to bring me luck?"
Potion of Haste,"I'm looking for a potion to increase my speed."
Potion of Endurance,"Do you have a potion to boost my stamina?"
Potion of Berserk,"Is there a potion to enhance my combat abilities?"
Potion of Regeneration,"I need a potion to regenerate health."
Potion of Fire Resistance,"Do you have a potion to resist fire?"
Potion of Frost Resistance,"Is there a potion to resist cold?"
Potion of Lightning Resistance,"I need a potion to resist lightning."
Potion of Poison Resistance,"Do you have a potion to resist poison?"
Potion of Levitation,"Is there a potion to help me levitate?"
Potion of Strength,"I need a potion to increase my physical strength."
Potion of Dexterity,"Do you have a potion to improve my dexterity?"
Potion of Intelligence,"Is there a potion to boost my intelligence?"
Potion of Wisdom,"I seek a potion to enhance my wisdom."
Potion of Charisma,"Do you have a potion to enhance my charisma?"
Potion of Vision ,"Is there a potion to improve my night vision?"
Potion of Water Breathing,"Do you have a potion that allows me to breathe underwater?"
Potion of Transformation,"I seek a potion that can change my form."
Potion of Giant Strength,"Is there a potion to grant immense strength?"
Potion of Mind Reading,"Do you have a potion that allows me to read minds?"
Potion of Truth,"I need a potion that reveals hidden truths."
Health Potion,"My injuries are severe. Do you have a potion to heal them quickly?"
Mana Potion,"My magical energy is drained. Can you offer a potion to replenish it?"
Stamina Potion,"I need a potion to boost my endurance for the upcoming battle."
Strength Potion,"Is there a potion that can enhance my physical strength before I face the enemy?"
Speed Potion,"I need to move swiftly. Do you have a potion to increase my speed?"
Invisibility Potion,"I seek a potion to vanish from sight. Can you provide one?"
Resistance Potion,"Do you have a potion to protect me from elemental attacks?"
Fortitude Potion,"I require a potion to strengthen my defenses against enemies."
Elixir of Wisdom,"I seek a potion to sharpen my mind and wisdom. Have you any?"
Potion of Healing Over Time,"I need a potion that heals me gradually over time."
Potion of Luck,"Do you have a potion to bring me luck in my endeavors?"
Potion of Haste,"I need to act swiftly. Is there a potion that can enhance my speed?"
Potion of Endurance,"Do you have a potion to increase my endurance for prolonged battles?"
Potion of Berserk,"Is there a potion that enhances my combat abilities during intense fights?"
Potion of Regeneration,"I require a potion to regenerate my health during battles."
Potion of Fire Resistance,"Do you have a potion to resist fire damage during combat?"
Potion of Frost Resistance,"Is there a potion to protect me from freezing attacks?"
Potion of Lightning Resistance,"I need a potion to resist electrical attacks. Do you have one?"
Potion of Poison Resistance,"Do you have a potion to protect me from poison during battles?"
Potion of Levitation,"I seek a potion to help me levitate over obstacles. Do you carry such a potion?"
Potion of Strength,"I need a potion to increase my physical strength for the upcoming challenges."
Potion of Dexterity,"Is there a potion to improve my dexterity in handling weapons?"
Potion of Intelligence,"I need a potion to boost my intelligence for strategic planning. Have you one?"
Potion of Wisdom,"Do you have a potion to enhance my wisdom for making wise decisions?"
Potion of Charisma,"I seek a potion to enhance my charisma for better diplomacy. Can you help?"
Potion of Vision ,"Is there a potion to improve my vision in darkness or low-light conditions?"
Potion of Water Breathing,"I need a potion to breathe underwater during underwater exploration. Do you have one?"
Potion of Transformation,"Do you have a potion that allows me to change my appearance temporarily?"
Potion of Giant Strength,"I require a potion to gain immense strength for lifting heavy objects. Have you one?"
Potion of Mind Reading,"Is there a potion to allow me to read minds temporarily? Can you provide one?"
Potion of Truth,"I seek a potion to reveal hidden truths or illusions. Do you carry such a potion?"
Health Potion,"My wounds are festering. Can you provide a potion to heal them swiftly?"
Mana Potion,"My magical reserves are depleted. Can you offer a potion to replenish them?"
Stamina Potion,"I need a potion to boost my endurance for the journey ahead."
Strength Potion,"Is there a potion that can enhance my physical strength for the upcoming challenges?"
Speed Potion,"I need to move swiftly. Do you have a potion to increase my speed?"
Invisibility Potion,"I seek a potion to disappear from sight momentarily. Can you provide one?"
Resistance Potion,"Do you have a potion to protect me from elemental attacks?"
Fortitude Potion,"I require a potion to fortify my defenses for the battles ahead."
Elixir of Wisdom,"I seek a potion to enhance my intellect or wisdom. Can you assist?"
Potion of Healing Over Time,"I need a potion that heals me gradually over time."
Potion of Luck,"Do you have a potion to bring me luck in my endeavors?"
Potion of Haste,"I need to act swiftly. Is there a potion that can enhance my speed?"
Potion of Endurance,"Do you have a potion to increase my endurance for prolonged exertions?"
Potion of Berserk,"Is there a potion that enhances my combat abilities during intense fights?"
Potion of Regeneration,"I require a potion to regenerate my health during combat."
Potion of Fire Resistance,"Do you have a potion to resist fire damage during battles?"
Potion of Frost Resistance,"Is there a potion to protect me from freezing attacks?"
Potion of Lightning Resistance,"I need a potion to resist electrical attacks. Can you provide one?"
Potion of Poison Resistance,"Do you have a potion to protect me from poison during combat?"
Potion of Levitation,"I seek a potion to help me levitate over obstacles. Can you assist?"
Potion of Strength,"I need a potion to increase my physical strength for the upcoming challenges."
Potion of Dexterity,"Is there a potion to improve my dexterity in handling weapons?"
Potion of Intelligence,"I need a potion to boost my intelligence for strategic planning. Can you provide one?"
Potion of Wisdom,"Do you have a potion to enhance my wisdom for making wise decisions?"
Potion of Charisma,"I seek a potion to enhance my charisma for better interactions. Can you assist?"
Potion of Vision ,"Is there a potion to improve my vision in darkness or low-light conditions?"
Potion of Water Breathing,"Do you have a potion to allow me to breathe underwater during exploration?"
Potion of Transformation,"Is there a potion that allows me to change my appearance temporarily?"
Potion of Giant Strength,"I require a potion to gain immense strength for lifting heavy objects. Can you provide one?"
Potion of Mind Reading,"Is there a potion to allow me to read minds temporarily? Can you assist?"
Potion of Truth,"I seek a potion to reveal hidden truths or illusions. Do you have such a potion?"
Health Potion,"I'm badly wounded. Can you offer a potion to heal me quickly?"
Mana Potion,"My magic reserves are depleted. Can you provide a potion to restore them?"
Stamina Potion,"I need a potion to boost my endurance for the upcoming challenges."
Strength Potion,"Is there a potion that can enhance my physical strength for the battles ahead?"
Speed Potion,"I need to move faster. Do you have a potion to increase my speed?"
Invisibility Potion,"I seek a potion to vanish from sight temporarily. Can you assist?"
Resistance Potion,"Do you have a potion to protect me from elemental attacks?"
Fortitude Potion,"I require a potion to fortify my defenses for the upcoming encounters."
Elixir of Wisdom,"I seek a potion to enhance my intellect or wisdom. Can you provide one?"
Potion of Healing Over Time,"I need a potion that heals me gradually over time."
Potion of Luck,"Do you have a potion to bring me luck in my endeavors?"
Potion of Haste,"I need to act swiftly. Is there a potion that can enhance my speed?"
Potion of Endurance,"Do you have a potion to increase my endurance for prolonged efforts?"
Potion of Berserk,"Is there a potion that enhances my combat abilities during intense battles?"
Potion of Regeneration,"I require a potion to regenerate my health during combat."
Potion of Fire Resistance,"Do you have a potion to resist fire damage during confrontations?"
Potion of Frost Resistance,"Is there a potion to protect me from freezing attacks?"
Potion of Lightning Resistance,"I need a potion to resist electrical attacks. Can you provide one?"
Potion of Poison Resistance,"Do you have a potion to protect me from poison during battles?"
Potion of Levitation,"I seek a potion to help me levitate over obstacles. Can you assist?"
Potion of Strength,"I need a potion to increase my physical strength for the upcoming challenges."
Potion of Dexterity,"Is there a potion to improve my dexterity in handling weapons?"
Potion of Intelligence,"I need a potion to boost my intelligence for strategic planning. Can you provide one?"
Potion of Wisdom,"Do you have a potion to enhance my wisdom for making wise decisions?"
Potion of Charisma,"I seek a potion to enhance my charisma for better interactions. Can you assist?"
Potion of Vision ,"Is there a potion to improve my vision in darkness or low-light conditions?"
Potion of Water Breathing,"Do you have a potion to allow me to breathe underwater during exploration?"
Potion of Transformation,"Is there a potion that allows me to change my appearance temporarily?"
Potion of Giant Strength,"I require a potion to gain immense strength for lifting heavy objects. Can you provide one?"
Potion of Mind Reading,"Is there a potion to allow me to read minds temporarily? Can you assist?"
Potion of Truth,"I seek a potion to reveal hidden truths or illusions. Do you have such a potion?"
Health Potion,"I'm badly wounded. Can you offer a potion to heal me quickly?"
Mana Potion,"My magic reserves are depleted. Can you provide a potion to restore them?"
Stamina Potion,"I need a potion to boost my endurance for the upcoming challenges."
Strength Potion,"Is there a potion that can enhance my physical strength for the battles ahead?"
Speed Potion,"I need to move faster. Do you have a potion to increase my speed?"
Invisibility Potion,"I seek a potion to vanish from sight temporarily. Can you assist?"
Resistance Potion,"Do you have a potion to protect me from elemental attacks?"
Fortitude Potion,"I require a potion to fortify my defenses for the upcoming encounters."
Elixir of Wisdom,"I seek a potion to enhance my intellect or wisdom. Can you provide one?"
Potion of Healing Over Time,"I need a potion that heals me gradually over time."
Potion of Luck,"Do you have a potion to bring me luck in my endeavors?"
Potion of Haste,"I need to act swiftly. Is there a potion that can enhance my speed?"
Potion of Endurance,"Do you have a potion to increase my endurance for prolonged efforts?"
Potion of Berserk,"Is there a potion that enhances my combat abilities during intense battles?"
Potion of Regeneration,"I require a potion to regenerate my health during combat."
Potion of Fire Resistance,"Do you have a potion to resist fire damage during confrontations?"
Potion of Frost Resistance,"Is there a potion to protect me from freezing attacks?"
Potion of Lightning Resistance,"I need a potion to resist electrical attacks. Can you provide one?"
Potion of Poison Resistance,"Do you have a potion to protect me from poison during battles?"
Potion of Levitation,"I seek a potion to help me levitate over obstacles. Can you assist?"
Potion of Strength,"I need a potion to increase my physical strength for the upcoming challenges."
Potion of Dexterity,"Is there a potion to improve my dexterity in handling weapons?"
Potion of Intelligence,"I need a potion to boost my intelligence for strategic planning. Can you provide one?"
Potion of Wisdom,"Do you have a potion to enhance my wisdom for making wise decisions?"
Potion of Charisma,"I seek a potion to enhance my charisma for better interactions. Can you assist?"
Potion of Vision ,"Is there a potion to improve my vision in darkness or low-light conditions?"
Potion of Water Breathing,"Do you have a potion to allow me to breathe underwater during exploration?"
Potion of Transformation,"Is there a potion that allows me to change my appearance temporarily?"
Potion of Giant Strength,"I require a potion to gain immense strength for lifting heavy objects. Can you provide one?"
Potion of Mind Reading,"Is there a potion to allow me to read minds temporarily? Can you assist?"
Potion of Truth,"I seek a potion to reveal hidden truths or illusions. Do you have such a potion?"
Health Potion,"My wounds are deep. Can you offer a potion to heal them?"
Mana Potion,"My magical reserves are drained. Do you have a potion to replenish them?"
Stamina Potion,"I need a potion to boost my endurance for the journey ahead."
Strength Potion,"Is there a potion that can enhance my physical strength?"
Speed Potion,"I need to move faster. Do you have a potion for that?"
Invisibility Potion,"I seek a potion to disappear from sight. Can you provide one?"
Resistance Potion,"Do you have a potion to protect me from elemental attacks?"
Fortitude Potion,"I require a potion to fortify my defenses."
Elixir of Wisdom,"I seek a potion to enhance my intellect or wisdom."
Potion of Healing Over Time,"I need a potion that heals me gradually over time."
Potion of Luck,"Do you have a potion to bring me luck in my endeavors?"
Potion of Haste,"I'm looking for a potion to increase my speed."
Potion of Endurance,"Do you have a potion to boost my stamina?"
Potion of Berserk,"Is there a potion that enhances my combat abilities?"
Potion of Regeneration,"I require a potion to regenerate my health."
Potion of Fire Resistance,"Do you have a potion to resist fire damage?"
Potion of Frost Resistance,"Is there a potion to protect me from freezing attacks?"
Potion of Lightning Resistance,"I need a potion to resist lightning attacks."
Potion of Poison Resistance,"Do you have a potion to resist poison?"
Potion of Levitation,"I seek a potion to help me levitate."
Potion of Strength,"Is there a potion to increase my physical strength?"
Potion of Dexterity,"Do you have a potion to improve my dexterity?"
Potion of Intelligence,"I need a potion to boost my intelligence."
Potion of Wisdom,"Do you have a potion to enhance my wisdom?"
Potion of Charisma,"I seek a potion to enhance my charisma."
Potion of Vision ,"Is there a potion to improve my vision in darkness?"
Potion of Water Breathing,"Do you have a potion that allows me to breathe underwater?"
Potion of Transformation,"Is there a potion that changes my appearance?"
Potion of Giant Strength,"I need a potion to gain immense strength."
Potion of Mind Reading,"Do you have a potion that allows me to read minds?"
Potion of Truth,"I need a potion that reveals hidden truths."
Health Potion,"I'm in need of a potion to heal these wounds before they worsen."
Mana Potion,"My magic is running low. Can you offer a potion to recharge it?"
Stamina Potion,"I require a potion to endure the challenges ahead."
Strength Potion,"Is there a potion that can bolster my physical prowess?"
Speed Potion,"I need a potion to increase my speed. Do you have one?"
Invisibility Potion,"I seek a potion to make me unseen. Can you provide such?"
Resistance Potion,"Do you have a potion to shield me from elemental harm?"
Fortitude Potion,"I require a potion to fortify my defenses against foes."
Elixir of Wisdom,"Is there a potion to heighten my intellect or wisdom?"
Potion of Healing Over Time,"I need a potion that heals gradually over time."
Potion of Luck,"Do you have a potion to bring fortune in my endeavors?"
Potion of Haste,"I'm in need of a potion to hasten my movements."
Potion of Endurance,"Do you have a potion to enhance my endurance?"
Potion of Berserk,"Is there a potion to enhance my combat prowess?"
Potion of Regeneration,"I require a potion to regenerate my health over time."
Potion of Fire Resistance,"Do you have a potion to resist fire damage?"
Potion of Frost Resistance,"I need a potion to resist freezing attacks."
Potion of Lightning Resistance,"Do you have a potion to resist lightning strikes?"
Potion of Poison Resistance,"I seek a potion to resist poison."
Potion of Levitation,"Is there a potion to help me levitate?"
Potion of Strength,"I need a potion to increase my physical strength."
Potion of Dexterity,"Do you have a potion to enhance my dexterity?"
Potion of Intelligence,"Is there a potion to boost my intelligence?"
Potion of Wisdom,"I seek a potion to enhance my wisdom."
Potion of Charisma,"Do you have a potion to enhance my charisma?"
Potion of Vision ,"Is there a potion to improve my vision in darkness?"
Potion of Water Breathing,"Do you have a potion that allows me to breathe underwater?"
Potion of Transformation,"Is there a potion to transform my appearance?"
Potion of Giant Strength,"I need a potion to gain immense strength."
Potion of Mind Reading,"Is there a potion to allow me to read minds?"
Potion of Truth,"I need a potion that reveals hidden truths."
Health Potion,"These wounds won't heal on their own. Can you offer a potion to mend them?"
Mana Potion,"My magical energies are drained. Is there a potion to restore them?"
Stamina Potion,"I need a potion to endure the trials ahead."
Strength Potion,"Is there a potion that can bolster my physical might?"
Speed Potion,"I need to move swiftly. Do you have a potion for that?"
Invisibility Potion,"I seek a potion to vanish from sight momentarily. Can you provide one?"
Resistance Potion,"Do you have a potion to shield me from elemental assaults?"
Fortitude Potion,"I require a potion to fortify my defenses."
Elixir of Wisdom,"Is there a potion to sharpen my intellect or wisdom?"
Potion of Healing Over Time,"I need a potion that heals gradually over time."
Potion of Luck,"Do you have a potion to bring me good fortune?"
Potion of Haste,"I need to act quickly. Is there a potion to enhance my speed?"
Potion of Endurance,"Do you carry a potion to increase my stamina?"
Potion of Berserk,"Is there a potion that enhances my combat prowess?"
Potion of Regeneration,"I require a potion to regenerate my health."
Potion of Fire Resistance,"Do you have a potion to resist fire damage?"
Potion of Frost Resistance,"I need a potion to resist freezing attacks."
Potion of Lightning Resistance,"Is there a potion to protect me from lightning strikes?"
Potion of Poison Resistance,"Do you have a potion to resist poison?"
Potion of Levitation,"Is there a potion to help me levitate over obstacles?"
Potion of Strength,"I need a potion to increase my physical strength."
Potion of Dexterity,"Is there a potion to improve my dexterity?"
Potion of Intelligence,"I seek a potion to boost my intelligence."
Potion of Wisdom,"Do you have a potion to enhance my wisdom?"
Potion of Charisma,"Is there a potion to enhance my charisma?"
Potion of Vision ,"I need a potion to improve my vision in darkness."
Potion of Water Breathing,"Do you have a potion that allows me to breathe underwater?"
Potion of Transformation,"Is there a potion to change my appearance?"
Potion of Giant Strength,"I need a potion to gain immense strength."
Potion of Mind Reading,"Is there a potion to allow me to read minds?"
Potion of Truth,"I need a potion that reveals hidden truths."
Health Potion,"I've taken quite a beating. Do you have a potion to mend my wounds?"
Mana Potion,"My magical reserves are drained. Can you offer a potion to replenish them?"
Stamina Potion,"I need a potion to endure the challenges ahead."
Strength Potion,"Is there a potion that can enhance my physical prowess?"
Speed Potion,"I need to move faster. Have you got a potion for that?"
Invisibility Potion,"I seek a potion to vanish from sight. Can you provide one?"
Resistance Potion,"Do you have a potion to shield me from elemental attacks?"
Fortitude Potion,"I require a potion to fortify my defenses."
Elixir of Wisdom,"Is there a potion to sharpen my mind or wisdom?"
Potion of Healing Over Time,"I need a potion that heals me gradually over time."
Potion of Luck,"Do you have a potion to bring me luck?"
Potion of Haste,"I need to act swiftly. Is there a potion to enhance my speed?"
Potion of Endurance,"Can you provide a potion to boost my stamina?"
Potion of Berserk,"Is there a potion that enhances my combat abilities?"
Potion of Regeneration,"I require a potion to regenerate my health."
Potion of Fire Resistance,"Do you have a potion to resist fire damage?"
Potion of Frost Resistance,"Is there a potion to protect me from freezing attacks?"
Potion of Lightning Resistance,"I need a potion to resist lightning attacks."
Potion of Poison Resistance,"Do you have a potion to resist poison?"
Potion of Levitation,"I seek a potion to help me levitate."
Potion of Strength,"Is there a potion to increase my physical strength?"
Potion of Dexterity,"Can you provide a potion to improve my dexterity?"
Potion of Intelligence,"I seek a potion to boost my intelligence."
Potion of Wisdom,"Do you have a potion to enhance my wisdom?"
Potion of Charisma,"Is there a potion to enhance my charisma?"
Potion of Vision ,"I need a potion to improve my vision in darkness."
Potion of Water Breathing,"Do you have a potion that allows me to breathe underwater?"
Potion of Transformation,"Is there a potion to transform my appearance?"
Potion of Giant Strength,"I need a potion to gain immense strength."
Potion of Mind Reading,"Is there a potion to allow me to read minds?"
Potion of Truth,"I need a potion that reveals hidden truths."